{
  "admin": [
    {
      "admin_name": "admin",
      "admin_password": "1234"
    }
  ],
  "subject": [
    {
      "subject_name": "Maths",
      "id": 1
    },
    {
      "subject_name": "English",
      "id": 2
    },
    {
      "subject_name": "AOA",
      "id": 3
    }
  ],
  "Exam": [
    {
      "id": 1,
      "exam_name": "Maths",
      "exam_desc": "This is Math Exam",
      "exam_date": "17-9-2021 17:49:39",
      "exam_marks": "5",
      "exam_totalQuestion": "5",
      "exam_passMarks": "3",
      "exam_level": "Easy"
    },
    {
      "exam_name": "DSA",
      "exam_desc": "Data Structure and Algorithm",
      "exam_level": "medium",
      "exam_passMarks": "1",
      "exam_totalQuestion": "2",
      "exam_marks": "2",
      "exam_date": "15-4-2024 8:39:1",
      "id": 2
    },
    {
      "exam_name": "fdsd",
      "exam_desc": "tgdf",
      "exam_level": "cxcx",
      "exam_passMarks": "6",
      "exam_totalQuestion": "1",
      "exam_marks": "12",
      "exam_date": "15-4-2024 10:2:51",
      "id": 3
    },
    {
      "exam_name": "DSA",
      "exam_desc": "Data Structure and Algorithm",
      "exam_level": "medium",
      "exam_passMarks": "1",
      "exam_totalQuestion": "2",
      "exam_marks": "2",
      "exam_date": "15-4-2024 10:30:52",
      "id": 4
    }
  ],
  "Question": [
    {
      "id": 1,
      "question_name": "10-5 ?",
      "option_one": "3",
      "option_two": "1",
      "option_three": "2",
      "option_four": "5",
      "question_answer": "5",
      "exam_id": 1,
      "subject_name": "Maths"
    },
    {
      "id": 2,
      "question_name": "10+5 ?",
      "option_one": "3",
      "option_two": "1",
      "option_three": "4",
      "option_four": "15",
      "question_answer": "15",
      "exam_id": 1,
      "subject_name": "Maths"
    },
    {
      "question_name": "10*5",
      "option_one": "10",
      "option_two": "5",
      "option_three": "50",
      "option_four": "2",
      "question_answer": "50",
      "exam_id": "1",
      "subject_name": "Maths",
      "id": 3
    },
    {
      "question_name": "110-10 ?",
      "option_one": "110",
      "option_two": "100",
      "option_three": "10",
      "option_four": "1",
      "question_answer": "100",
      "exam_id": "1",
      "subject_name": "Maths",
      "id": 4
    },
    {
      "question_name": "10/2 = ?",
      "option_one": "1",
      "option_two": "5",
      "option_three": "10",
      "option_four": "7",
      "question_answer": "5",
      "exam_id": "1",
      "subject_name": "Maths",
      "id": 5
    },
    {
      "question_name": "What is doubly Linked list",
      "option_one": "Data Structure ",
      "option_two": "Any thing",
      "option_three": "nothing ",
      "option_four": "DO thing",
      "question_answer": "Data Structure",
      "exam_id": "2",
      "subject_name": "DSA",
      "id": 6
    },
    {
      "question_name": "What is Graph",
      "option_one": "Data Structure ",
      "option_two": "Any thing",
      "option_three": "nothing ",
      "option_four": "DO thing",
      "question_answer": "Data Structure",
      "exam_id": "2",
      "subject_name": "DSA",
      "id": 7
    }
  ],
  "Result": [
    {
      "id": 1,
      "result_status": "Pass",
      "result_score": "3",
      "user_email": "ram@gmail.com",
      "exam_date": "12-23-12",
      "exam_name": "Maths",
      "total_marks": "5",
      "exam_id": "1",
      "total_Question": "5"
    },
    {
      "id": 2,
      "result_status": "Pass",
      "result_score": "3",
      "user_email": "ram@gmail.com",
      "exam_date": "12-23-12",
      "exam_name": "Maths",
      "total_marks": "5",
      "exam_id": "1",
      "total_Question": "5"
    },
    {
      "id": 3,
      "result_status": "Pass",
      "result_score": "3",
      "user_email": "shiv@gmail.com",
      "exam_date": "12-23-12",
      "exam_name": "Maths",
      "total_marks": "5",
      "exam_id": "1",
      "total_Question": "5"
    },
    {
      "result_status": "Pass",
      "result_score": 3,
      "user_email": "ram@gmail.com",
      "exam_date": "18-9-2021 20:49:39",
      "exam_name": "Maths",
      "total_marks": "5",
      "exam_id": "1",
      "total_Question": "5",
      "id": 4
    },
    {
      "result_status": "Pass",
      "result_score": 4,
      "user_email": "vishnu@gmail.com",
      "exam_date": "19-9-2021 15:11:27",
      "exam_name": "Maths",
      "total_marks": "5",
      "exam_id": "1",
      "total_Question": "5",
      "id": 5
    },
    {
      "result_status": "Pass",
      "result_score": 4,
      "user_email": "agni@gmail.com",
      "exam_date": "19-9-2021 15:20:37",
      "exam_name": "Maths",
      "total_marks": "5",
      "exam_id": "1",
      "total_Question": "5",
      "id": 6
    },
    {
      "result_status": "Pass",
      "result_score": 5,
      "user_email": "ram@gmail.com",
      "exam_date": "9-1-2022 11:29:34",
      "exam_name": "Maths",
      "total_marks": "5",
      "exam_id": "1",
      "total_Question": "5",
      "id": 7
    },
    {
      "result_status": "Fail",
      "result_score": 1,
      "user_email": "agni@gmail.com",
      "exam_date": "15-4-2024 0:13:32",
      "exam_name": "Maths",
      "total_marks": "5",
      "exam_id": "1",
      "total_Question": "5",
      "id": 8
    },
    {
      "result_status": "Fail",
      "result_score": 0,
      "user_email": "agni@gmail.com",
      "exam_date": "15-4-2024 10:0:33",
      "exam_name": "Maths",
      "total_marks": "5",
      "exam_id": "1",
      "total_Question": "5",
      "id": 9
    },
    {
      "result_status": "Fail",
      "result_score": 2,
      "user_email": "agni@gmail.com",
      "exam_date": "20-4-2024 19:58:10",
      "exam_name": "Maths",
      "total_marks": "5",
      "exam_id": "1",
      "total_Question": "5",
      "id": 10
    },
    {
      "result_status": "Fail",
      "result_score": 1,
      "user_email": "asd@gmail.com",
      "exam_date": "7-5-2024 9:45:15",
      "exam_name": "Maths",
      "total_marks": "5",
      "exam_id": "1",
      "total_Question": "5",
      "id": 11
    },
    {
      "result_status": "Pass",
      "result_score": 3,
      "user_email": "sharmayush2310@gmail.com",
      "exam_date": "7-5-2024 13:47:9",
      "exam_name": "Maths",
      "total_marks": "5",
      "exam_id": "1",
      "total_Question": "5",
      "id": 12
    }
  ],
  "user": [
    {
      "id": 1,
      "user_name": "ram",
      "user_email": "ram@gmail.com",
      "user_password": "1234"
    },
    {
      "id": 2,
      "user_name": "shiv",
      "user_email": "shiv@gmail.com",
      "user_password": "1234"
    },
    {
      "user_name": "Vishnu",
      "user_email": "vishnu@gmail.com",
      "user_password": "123",
      "id": 3
    },
    {
      "user_name": "Agni",
      "user_email": "agni@gmail.com",
      "user_password": "123",
      "id": 4
    },
    {
      "user_name": "Aayush",
      "user_email": "sharmayush2310@gmail.com",
      "user_password": "1234",
      "id": 5
    },
    {
      "user_name": "xyz",
      "user_email": "xyz@gmail.com",
      "user_password": "123",
      "id": 6
    },
    {
      "user_name": "asd",
      "user_email": "asd@gmail.com",
      "user_password": "123",
      "id": 7
    }
  ]
}